"id","availability","condition","description","image_link","link","title","price","brand"
"trm84og6g","in stock","new","reading these words, hearing sweet sounds, simply living, - the blessings that grace bestows, asking nothing in return","http://www.glassybaby.com/site/images/product-images/grace-candle-holder-votive_main.png?resizeid=8&resizeh=800&resizew=800","http://www.glassybaby.com/grace","grace | glassybaby","75 USD","glassybaby"
"82wk5swv1","in stock","new","the cat vaults onto the couch. your hand brushes softly his fragile head, and his spine dips and arches under your fingers. claws retract, tail curls, purr","http://www.glassybaby.com/site/images/product-images/purr-candle-holder-votive_main.png?resizeid=8&resizeh=800&resizew=800","http://www.glassybaby.com/purr","purr | glassybaby","50 USD","glassybaby"
"g377qw689","in stock","new","sometimes the colorness is just so prettytastic that english wordage can’t even do; your heartbody just feels all kindfull within","http://www.glassybaby.com/site/images/product-images/kindfull-candle-holder-votive_main.png?resizeid=8&resizeh=800&resizew=800","http://www.glassybaby.com/kindfull","kindfull | glassybaby","75 USD","glassybaby"
"8itfz4e1j","in stock","new","if you feel like your life is not your own, remember lady di. sometimes you must let the world see in if you want to let your light out","http://www.glassybaby.com/site/images/product-images/lady-di-candle-holder-votive_main.png?resizeid=8&resizeh=800&resizew=800","http://www.glassybaby.com/lady-di","lady di | glassybaby","50 USD","glassybaby"
"v5x92igcs","in stock","new","""double tall nonfat latte,"" you order. an espresso machine froths noisily and steamed milk fluffs into your cup. the sounds to begin another beautiful day","http://www.glassybaby.com/site/images/product-images/latte-candle-holder-votive_main.png?resizeid=8&resizeh=800&resizew=800","http://www.glassybaby.com/latte","latte | glassybaby","50 USD","glassybaby"
"fd8bx0dyy","in stock","new","for those who give the Seattle Sounders FC your full 90:now you can give them stoppage time.","http://www.glassybaby.com/site/images/product-images/rave-green-candle-holder-votive_main.png?resizeid=8&resizeh=800&resizew=800","http://www.glassybaby.com/rave-green","rave green | glassybaby","75 USD","glassybaby"
"2dfi9ush8","in stock","new","light can play tricks in the dark. shadows flicker inside a pumpkin's carved grin, visual laughter, cackling like the ghosts running by after candy","http://www.glassybaby.com/site/images/product-images/pumpkin-candle-holder-votive_main.png?resizeid=8&resizeh=800&resizew=800","http://www.glassybaby.com/pumpkin","pumpkin | glassybaby","50 USD","glassybaby"
"vud6dir2u","in stock","new","singers sing that it's all you need, and preachers preach that it is god; but lovers simply love","http://www.glassybaby.com/site/images/product-images/love-candle-holder-votive_main.png?resizeid=8&resizeh=800&resizew=800","http://www.glassybaby.com/love","love | glassybaby","50 USD","glassybaby"
"j8ps02d63","in stock","new","aaa-choo! enviously watch a little bee bumble among the flowers. the best remedy for allergies is their very source: raw honey made from local pollen","http://www.glassybaby.com/site/images/product-images/pollen-candle-holder-votive_main.png?resizeid=8&resizeh=800&resizew=800","http://www.glassybaby.com/pollen","pollen | glassybaby","50 USD","glassybaby"
"i2vgfzv4s","in stock","new","it was hot out when huck finn helped jim the slave on his way to freedom. the mississippi flowed south and the sky shone little boy blue","http://www.glassybaby.com/site/images/product-images/little-boy-blue-candle-holder-votive_main.png?resizeid=8&resizeh=800&resizew=800","http://www.glassybaby.com/little-boy-blue","little boy blue | glassybaby","50 USD","glassybaby"
"mo2ikl3aj","in stock","new","what color were the eyes of your first kiss? what have you forgotten? what has nostalgia glazed in lovesoft glow, to make past more lovely to remember?","http://www.glassybaby.com/site/images/product-images/remember-candle-holder-votive_main.png?resizeid=8&resizeh=800&resizew=800","http://www.glassybaby.com/remember","remember | glassybaby","50 USD","glassybaby"
"mosdw69mp","in stock","new","grandma told mamaand mama told me. long ago there were more elephants than humans, happy on the tembo savannah,great grey bodiesherding the wide horizon","http://www.glassybaby.com/site/images/product-images/tembo-elephant-candle-holder-votive_main.png?resizeid=8&resizeh=800&resizew=800","http://www.glassybaby.com/tembo-elephant","tembo elephant | glassybaby","75 USD","glassybaby"
"j5nxgl84v","in stock","new","tomorrow becomes today. some say nothing good happens after midnight. but each end is a beginning too, so in a way, everything good happens after midnight","http://www.glassybaby.com/site/images/product-images/midnight-candle-holder-votive_main.png?resizeid=8&resizeh=800&resizew=800","http://www.glassybaby.com/midnight","midnight | glassybaby","50 USD","glassybaby"
"qnayci435","in stock","new","you can pay back loans and return favors. but when someone makes your care a true labor of love, you can only say thank you","http://www.glassybaby.com/site/images/product-images/thank-you-candle-holder-votive_main.png?resizeid=8&resizeh=800&resizew=800","http://www.glassybaby.com/thank-you","thank you | glassybaby","50 USD","glassybaby"
"aoo91ob61","in stock","new","grandma told mamaand mama told me. long ago there were more elephants than humans, happy on the tembo savannah,great grey bodiesherding the wide horizon","http://www.glassybaby.com/site/images/product-images/tembo-muse-candle-holder-votive_main.png?resizeid=8&resizeh=800&resizew=800","http://www.glassybaby.com/tembo-muse","tembo-muse | glassybaby","75 USD","glassybaby"
"4ew3edf62","in stock","new","purple haze all in my brain, lately things don’t see the same. actin’ funny, but I don’t know why… excuse me while I kiss the sky (this guy?)","http://www.glassybaby.com/site/images/product-images/purple-haze-candle-holder-votive_main.png?resizeid=8&resizeh=800&resizew=800","http://www.glassybaby.com/purple-haze","purple haze | glassybaby","50 USD","glassybaby"
"fqbdb73ab","in stock","new","maybe sisters help mom with turkey, brothers help dad make pie. maybe it's two hand touch and then restaurant. good traditions bring good families together","http://www.glassybaby.com/site/images/product-images/tradition-candle-holder-votive_main.png?resizeid=8&resizeh=800&resizew=800","http://www.glassybaby.com/tradition","tradition | glassybaby","50 USD","glassybaby"
"7m25c7v3p","in stock","new","you and an old friend stroll after dinner, beneath the gathering dusk. alone, you still whisper, as though the tree would hear your secrets","http://www.glassybaby.com/site/images/product-images/whisper-candle-holder-votive_main.png?resizeid=8&resizeh=800&resizew=800","http://www.glassybaby.com/whisper","whisper | glassybaby","50 USD","glassybaby"
"2jnlma6kr","in stock","new","“if you use your imagination, you can fly without wings,” the kindergarten teacher said. a little head cocked to the side and asked,“like a helicopter?”","http://www.glassybaby.com/site/images/product-images/wings-candle-holder-votive_main.png?resizeid=8&resizeh=800&resizew=800","http://www.glassybaby.com/wings","wings | glassybaby","50 USD","glassybaby"
"qfs6golqz","in stock","new","blow out candles upon a star, and keep your secret at 11:11, for a wish can change something about the world, can set the gears of its truth in motion","http://www.glassybaby.com/site/images/product-images/wish-candle-holder-votive_main.png?resizeid=8&resizeh=800&resizew=800","http://www.glassybaby.com/wish","wish | glassybaby","50 USD","glassybaby"
"doktz6b7l","in stock","new","a zen mind knows that enlightenment is neither attainment or achievement, but is rather the understandingthat nothing is","http://www.glassybaby.com/site/images/product-images/zen-candle-holder-votive_main.png?resizeid=8&resizeh=800&resizew=800","http://www.glassybaby.com/zen","zen | glassybaby","50 USD","glassybaby"
"cosi5ebdx","in stock","new","10% of the sale of each glassybaby will be donated to the glassybaby white light fund to help people, animals, and planet heal","http://www.glassybaby.com/site/images/product-images/sowing-the-field-candle-holder-votive-set_main.png?resizeid=8&resizeh=800&resizew=800","http://www.glassybaby.com/sowing-the-field","sowing the fields | glassybaby","250 USD","glassybaby"
"1104246bf","in stock","new","10% of the sale of each glassybaby will be donated to the glassybaby white light fund to help people, animals, and planet heal","http://www.glassybaby.com/site/images/product-images/melchior-candle-holder-votive_main.png?resizeid=8&resizeh=800&resizew=800","http://www.glassybaby.com/melchior","melchior | glassybaby","75 USD","glassybaby"
"r9ooce1ra","in stock","new","you were full after the cookies. but then you find your tongue, searching between your molars, to discover the last chewy bits of grandma jane's caramel","http://www.glassybaby.com/site/images/product-images/janes-caramel-candle-holder-votive_main.png?resizeid=8&resizeh=800&resizew=800","http://www.glassybaby.com/janes-caramel","jane's caramel | glassybaby","50 USD","glassybaby"
"l7qa4ee8y","in stock","new","the little lamb bleats slumberously and curls up in mother's warm wool, so innocent that he doesn't even know what innocent means","http://www.glassybaby.com/site/images/product-images/lamb-candle-holder-votive_main.png?resizeid=8&resizeh=800&resizew=800","http://www.glassybaby.com/lamb","lamb | glassybaby","50 USD","glassybaby"
"yscv6udh1","in stock","new","""hey mom!"" he bursts into the kitchen from soccer practice, foraging for honey nut cheerios and blueberries, like a little bear","http://www.glassybaby.com/site/images/product-images/little-bear-candle-holder-votive_main.png?resizeid=8&resizeh=800&resizew=800","http://www.glassybaby.com/little-bear","little bear | glassybaby","50 USD","glassybaby"
"hm8j0jpfh","in stock","new","on may's second sunday, mom smiles with delight at her breakfast in bed, as if one morning of devotion means as much as all of her thousands","http://www.glassybaby.com/site/images/product-images/mom-candle-holder-votive_main.png?resizeid=8&resizeh=800&resizew=800","http://www.glassybaby.com/mom","mom | glassybaby","50 USD","glassybaby"
"1p3735rb6","in stock","new","p.p1 {margin: 0.0px 0.0px 0.0px 0.0px; font: 16.0px glassybaby; color: #5756d6; -webkit-text-stroke: #5756d6} span.s1 {font-kerning: none} your taste evolve with age.you grow to love mushrooms, tomatoes, coffee, but perhaps no delicacy is sublimely acquired as a delicious ripe olive","http://www.glassybaby.com/site/images/product-images/ripe-olive-candle-holder-votive_main.png?resizeid=8&resizeh=800&resizew=800","http://www.glassybaby.com/ripe-olive","ripe olive | glassybaby","50 USD","glassybaby"
"3z8nkchnq","in stock","new","when you pick him up from this first day of preschool, his little feet pound across the playground as he calls for mama with joy","http://www.glassybaby.com/site/images/product-images/joy-candle-holder-votive_main.png?resizeid=8&resizeh=800&resizew=800","http://www.glassybaby.com/joy","joy | glassybaby","50 USD","glassybaby"
"0jfanpxaq","in stock","new","10% of the sale of each glassybaby will be donated to the glassybaby white light fund to help people, animals, and planet heal","http://www.glassybaby.com/site/images/product-images/homegrown-candle-holder-votive_main.png?resizeid=8&resizeh=800&resizew=800","http://www.glassybaby.com/homegrown","home grown | glassybaby","50 USD","glassybaby"
"j7mv4drrd","in stock","new","at times the forces of the universe are too mysterious and vast for you to control, and the only thing - the best thing - to do is to hold on to hope","http://www.glassybaby.com/site/images/product-images/hope-candle-holder-votive_main.png?resizeid=8&resizeh=800&resizew=800","http://www.glassybaby.com/hope","hope | glassybaby","50 USD","glassybaby"
"zlgzlo96z","in stock","new","he keeps a low profile. he knows you know he runs things, without having to tell anybody, he's just who he is: the master of the universe","http://www.glassybaby.com/site/images/product-images/master-of-the-universe-candle-holder-votive_main.png?resizeid=8&resizeh=800&resizew=800","http://www.glassybaby.com/master-of-the-universe","master of the universe | glassybaby","75 USD","glassybaby"
"8eucedmiw","in stock","new","parents take you out for birthday dinner, their treat. waiter brings a lemon drop for your ""first"" drink. one sweet-sour sip: does this even have alcohol?","http://www.glassybaby.com/site/images/product-images/lemon-drop-candle-holder-votive_main.png?resizeid=8&resizeh=800&resizew=800","http://www.glassybaby.com/lemon-drop","lemon drop | glassybaby","50 USD","glassybaby"
"bwao85m68","in stock","new","10% of the sale of each glassybaby will be donated to the glassybaby white light fund to help people, animals, and the planet heal","http://www.glassybaby.com/site/images/product-images/xoxo-candle-holder-votive-set_main.png?resizeid=8&resizeh=800&resizew=800","http://www.glassybaby.com/product/4706","xoxo | glassybaby","200 USD","glassybaby"
"vettesr89","in stock","new","our beeswax tealights are individually hand-poured in virginia and feature an all-natural wick for a cleaner burn. each box contains 12 tea lights.","http://www.glassybaby.com/site/images/product-images/beeswax-tea-lights-5-hour_main.png?resizeid=8&resizeh=800&resizew=800","http://www.glassybaby.com/beeswax-tea-lights-5-hour","beeswax tea lights- 5 hour burn time | glassybaby","14 USD","glassybaby"
"93n719w8v","in stock","new","""whoa-oh what I want to know-oh is are you kind,"" he sang, dangling over the golden gate, painting the bridge to weather the salt and glow a grateful red","http://www.glassybaby.com/site/images/product-images/grateful-red-candle-holder-votive_main.png?resizeid=8&resizeh=800&resizew=800","http://www.glassybaby.com/grateful-red","grateful red | glassybaby","55 USD","glassybaby"
"33ktp7v1q","in stock","new","the dog grew bigger than you thought she would. way bigger. on the bright side, now she can pull you, on rollerblades, halfway around greenlake","http://www.glassybaby.com/site/images/product-images/greenlake-candle-holder-votive_main.png?resizeid=8&resizeh=800&resizew=800","http://www.glassybaby.com/greenlake","greenlake | glassybaby","50 USD","glassybaby"
"m3rpyaxco","in stock","new","you will feel deep love in the near future, say the planets and the stars. how much do the words in your horoscope make themselves come true?","http://www.glassybaby.com/site/images/product-images/horoscope-candle-holder-votive_main.png?resizeid=8&resizeh=800&resizew=800","http://www.glassybaby.com/horoscope","horoscope | glassybaby","50 USD","glassybaby"
"kf4x9h74o","in stock","new","from the adirondacks, old iroquois country, down through the empire to the statue of liberty, shimmering past the city lights, the hudson flows and flows","http://www.glassybaby.com/site/images/product-images/hudson-candle-holder-votive_main.png?resizeid=8&resizeh=800&resizew=800","http://www.glassybaby.com/hudson","hudson | glassybaby","50 USD","glassybaby"
"ymzr0sz47","in stock","new","recognize life's beauty with beauty of your own, like hemlock boughs in springtime, their tender, light green fringes: a show of gratitude for the sun","http://www.glassybaby.com/site/images/product-images/gratitude-candle-holder-votive_main.png?resizeid=8&resizeh=800&resizew=800","http://www.glassybaby.com/gratitude","gratitude | glassybaby","55 USD","glassybaby"
"p5jk55fbn","in stock","new","when there is no obligation - nor even a request - for help, but you offer it just the same: that's pure kindness","http://www.glassybaby.com/site/images/product-images/kindness-candle-holder-votive_main.png?resizeid=8&resizeh=800&resizew=800","http://www.glassybaby.com/kindness","kindness | glassybaby","50 USD","glassybaby"
"aj3l47e8s","in stock","new","10% of the sale of each glassybaby will be donated to the glassybaby white light fund to help people, animals, and planet heal","http://www.glassybaby.com/site/images/product-images/at-the-cabin-candle-holder-votive-set_main.png?resizeid=8&resizeh=800&resizew=800","http://www.glassybaby.com/at-the-cabin","at the cabin | glassybaby","250 USD","glassybaby"
"qwy4ityb2","in stock","new","our favorite harry potter characters were fred and george weasley. mischievous, entrepreneurial, good-hearted, and always quick to flash a wink and grin","http://www.glassybaby.com/site/images/product-images/grin-candle-holder-votive_main.png?resizeid=8&resizeh=800&resizew=800","http://www.glassybaby.com/grin","grin | glassybaby","50 USD","glassybaby"
"dgjfuxer0","in stock","new","legend tells of a lonely cavern high in the himalayas, where a monk meditated his whole life, and then finished a lollypop without biting once","http://www.glassybaby.com/site/images/product-images/lollypop-candle-holder-votive_main.png?resizeid=8&resizeh=800&resizew=800","http://www.glassybaby.com/lollypop","lollypop | glassybaby","50 USD","glassybaby"
"m3x9kwrlp","in stock","new","even when the odds are steep,and “how?” cannot be told,a miracle can come to be,and fortune favors the bold.","http://www.glassybaby.com/site/images/product-images/miracle-candle-holder-votive_main.png?resizeid=8&resizeh=800&resizew=800","http://www.glassybaby.com/product/4169","miracle | glassybaby","75 USD","glassybaby"
"fjqufcwgq","in stock","new","pretty flowers have great timing. in warm clear light of new spring sun, so many purples glow in clusters of color like hyacinth blooms","http://www.glassybaby.com/site/images/product-images/hyacinth-candle-holder-votive_main.png?resizeid=8&resizeh=800&resizew=800","http://www.glassybaby.com/hyacinth","hyacinth | glassybaby","50 USD","glassybaby"
"sit85i2v7","in stock","new","when clouds cover the sky, they water the plants that grow green and make oxygen, for us to breathe","http://www.glassybaby.com/site/images/product-images/breathe-candle-holder-votive_main.png?resizeid=8&resizeh=800&resizew=800","http://www.glassybaby.com/breathe","breathe | glassybaby","50 USD","glassybaby"
"va9fd47ln","in stock","new","in march it feels like winter will never end. but see the trees sprout their little buds, biding the last cold days before the joys of leaf and flower","http://www.glassybaby.com/site/images/product-images/bud-candle-holder-votive_main.png?resizeid=8&resizeh=800&resizew=800","http://www.glassybaby.com/bud","bud | glassybaby","50 USD","glassybaby"
"80i175nl9","in stock","new","i feel good. i mean really good, like i could give a million bucks if anyone feels as good as me, that's how good i feel","http://www.glassybaby.com/site/images/product-images/a-million-bucks-candle-holder-votive_main.png?resizeid=8&resizeh=800&resizew=800","http://www.glassybaby.com/a-million-bucks","a million bucks | glassybaby","50 USD","glassybaby"
"h7c9r1ixj","in stock","new","if it were, everyone would be it. we believe everyone can be it - but ""awesome ain't easy.""","http://www.glassybaby.com/site/images/product-images/awesome-aint-easy-candle-holder-votive_main.png?resizeid=8&resizeh=800&resizew=800","http://www.glassybaby.com/awesome-aint-easy","""awesome ain't easy"" | glassybaby","50 USD","glassybaby"
"yzso5f7wy","in stock","new","10% of the sale of each glassybaby will be donated to the glassybaby white light fund to help people, animals, and planet heal","http://www.glassybaby.com/site/images/product-images/you-may-kiss-the-bride-candle-holder-votive-set_main.png?resizeid=8&resizeh=800&resizew=800","http://www.glassybaby.com/you-may-kiss-the-bride","you may kiss the bride | glassybaby","100 USD","glassybaby"
"m5v8b0d57","in stock","new","10% of the sale of each glassybaby will be donated to the glassybaby white light fund to help people, animals, and planet heal","http://www.glassybaby.com/site/images/product-images/no-you-go-first-candle-holder-votive-set_main.png?resizeid=8&resizeh=800&resizew=800","http://www.glassybaby.com/no-you-go-first","no, you go first | glassybaby","100 USD","glassybaby"
"ov4xw7z8y","in stock","new","10% of the sale of each glassybaby will be donated to the glassybaby white light fund to help people, animals, and planet heal","http://www.glassybaby.com/site/images/product-images/extended-family-candle-holder-votive-set_main.png?resizeid=8&resizeh=800&resizew=800","http://www.glassybaby.com/extended-family","extended family | glassybaby","250 USD","glassybaby"
"zh318ukru","in stock","new","10% of the sale of each glassybaby will be donated to the glassybaby white light fund to help people, animals, and planet heal","http://www.glassybaby.com/site/images/product-images/maid-of-honor-candle-holder-votive-set_main.png?resizeid=8&resizeh=800&resizew=800","http://www.glassybaby.com/maid-of-honor","maid of honor | glassybaby","100 USD","glassybaby"
"go7mqx45m","in stock","new","10% of the sale of each glassybaby will be donated to the glassybaby white light fund to help people, animals, and planet heal","http://www.glassybaby.com/site/images/product-images/father-of-bride-candle-holder-votive-set_main.png?resizeid=8&resizeh=800&resizew=800","http://www.glassybaby.com/father-of-the-bride","father of the bride | glassybaby","150 USD","glassybaby"
"xf765avhw","in stock","new","each day wakes up slow. birdsong chirps between your dreams, the stars wink out one by one, and then today's eyes open to the rosy bloom of dawn","http://www.glassybaby.com/site/images/product-images/dawn-candle-holder-votive_main.png?resizeid=8&resizeh=800&resizew=800","http://www.glassybaby.com/dawn","dawn | glassybaby","50 USD","glassybaby"
"abmewcbdw","in stock","new","as you drive east from the rockies, the jagged mountains fade behind, and the road stretches up ahead to the ever-escaping big sky","http://www.glassybaby.com/site/images/product-images/big-sky-candle-holder-votive_main.png?resizeid=8&resizeh=800&resizew=800","http://www.glassybaby.com/big-sky","big sky | glassybaby","50 USD","glassybaby"
"l3tobsjly","in stock","new","10% of the sale of each glassybaby will be donated to the glassybaby white light fund to help people, animals, and planet heal","http://www.glassybaby.com/site/images/product-images/from-this-day-forward-candle-holder-votive-set_main.png?resizeid=8&resizeh=800&resizew=800","http://www.glassybaby.com/from-this-day-forward","from this day forward | glassybaby","100 USD","glassybaby"
"2hqx6jc33","in stock","new","gray pavement rushes beneath the wings as your flight lands, and your brother picks you up at baggage claim, and you recall how good it feels to come home","http://www.glassybaby.com/site/images/product-images/brother-candle-holder-votive_main.png?resizeid=8&resizeh=800&resizew=800","http://www.glassybaby.com/brother","brother | glassybaby","50 USD","glassybaby"
"6onz8c9p3","in stock","new","p.p1 {margin: 0.0px 0.0px 0.0px 0.0px; font: 12.0px Helvetica; -webkit-text-stroke: #000000} span.s1 {font-kerning: none} fifty years… sounds like a long time, sure, but those memories are still colorful as the dream you wake up from at noon, because last night you stayed up late discoursing on how humankind is a beautiful expression of infinite love everywhere, like a daisy from a crop-topped lawn because guess what? even fifty years after the “summer of love” somebody still wears tie-dye somewhere and everyone still knows, in the soul of their souls, how the universe itself is a total kaleidoscope, and maybe the whole point of this life is to watch it glow?","http://www.glassybaby.com/site/images/product-images/summer-of-love-candle-holder-votive-set_main.png?resizeid=8&resizeh=800&resizew=800","http://www.glassybaby.com/summer-of-love","summer of love | glassybaby","150 USD","glassybaby"
"kxhllq4qt","in stock","new","10% of the sale of each glassybaby will be donated to the glassybaby white light fund to help people, animals, and planet heal","http://www.glassybaby.com/site/images/product-images/pride-candle-holder-votive-set_main.png?resizeid=8&resizeh=800&resizew=800","http://www.glassybaby.com/pride","pride | glassybaby","300 USD","glassybaby"
"f61a4v2h2","in stock","new","10% of the sale of each glassybaby will be donated to the glassybaby white light fund to help people, animals, and planet heal","http://www.glassybaby.com/site/images/product-images/pilgrimage-candle-holder-votive-set_main.png?resizeid=8&resizeh=800&resizew=800","http://www.glassybaby.com/pilgrimage","pilgrimage | glassybaby","700 USD","glassybaby"
"o5elrrjcs","in stock","new","a glassybaby without color, like a human in a birthday suit — any style stripped is more than made up for by the elegant, honest and beautiful naked form","http://www.glassybaby.com/site/images/product-images/birthday-suit-candle-holder-votive_main.png?resizeid=8&resizeh=800&resizew=800","http://www.glassybaby.com/birthday-suit","birthday suit | glassybaby","50 USD","glassybaby"
"3ezgg9hhd","in stock","new","science used to say protein,carbohydrates, and fat were all we needed.then they discovered vitamins a, b, c,and the minerals, calcium, iron.and most recently, antioxidants,omega-3s, and so on,so we're going to skip aheadand add kindness and comfortto the list of things we needto nourish ourselves.","http://www.glassybaby.com/site/images/product-images/nourish-candle-holder-votive-set_main.png?resizeid=8&resizeh=800&resizew=800","http://www.glassybaby.com/nourish","nourish | glassybaby","100 USD","glassybaby"
"nybnyw9cc","in stock","new","10% of the sale of each glassybaby will be donated to the glassybaby white light fund to help people, animals, and planet heal","http://www.glassybaby.com/site/images/product-images/best-man-candle-holder-votive-set_main.png?resizeid=8&resizeh=800&resizew=800","http://www.glassybaby.com/best-man","best man | glassybaby","100 USD","glassybaby"
"8cpre7922","in stock","new","“why is the sky blue?” you ask dad. “because it reflects the ocean,” dad fibs. you look out the window, then back: “then why is the ocean blue?”","http://www.glassybaby.com/site/images/product-images/ocean-candle-holder-votive_main.png?resizeid=8&resizeh=800&resizew=800","http://www.glassybaby.com/ocean","ocean | glassybaby","50 USD","glassybaby"
"dveovuwua","in stock","new","10% of the sale of each glassybaby will be donated to the glassybaby white light fund to help people, animals, and planet heal","http://www.glassybaby.com/site/images/product-images/mother-of-bride-candle-holder-votive-set_main.png?resizeid=8&resizeh=800&resizew=800","http://www.glassybaby.com/mother-of-the-bride","mother of the bride | glassybaby","150 USD","glassybaby"
"dcfdrbk88","in stock","new","haze hangs over marsh mud. a bent willow weeps with silent rain. but deeper in the drear blooms a single flower of symmetry sublime: the lotus","http://www.glassybaby.com/site/images/product-images/lotus-candle-holder-votive_main.png?resizeid=8&resizeh=800&resizew=800","http://www.glassybaby.com/lotus","lotus | glassybaby","50 USD","glassybaby"
"xmeaosjyn","in stock","new","leprechauns know the secret – a charm is only lucky if and because you believe it so","http://www.glassybaby.com/site/images/product-images/lucky-candle-holder-votive_main.png?resizeid=8&resizeh=800&resizew=800","http://www.glassybaby.com/lucky","lucky | glassybaby","50 USD","glassybaby"
"yxe72yg9b","in stock","new","blink, blink. one eye opens halfway. it's nice when we wake up before the alarm, because we can just lay - ahhh, that's right, it's today. no alarm today. pillow. two hours pass in two minutes. outside the window, it's raining, oh no, drat, dar, just to stay inside in our pajamas. all day.","http://www.glassybaby.com/site/images/product-images/pajamas-all-day-candle-holder-votive-set_main.png?resizeid=8&resizeh=800&resizew=800","http://www.glassybaby.com/pajamas-all-day","pajamas all day | glassybaby","150 USD","glassybaby"
"m0pm5fz3d","in stock","new","you don’t need to travel, or wait, or search. if you let it, the present moment itself will be your muse","http://www.glassybaby.com/site/images/product-images/muse-candle-holder-votive_main.png?resizeid=8&resizeh=800&resizew=800","http://www.glassybaby.com/muse","muse | glassybaby","50 USD","glassybaby"
"2cfzgw12g","in stock","new","cedarscent shade, soft wind song, summer forest clearings cool. in november, flat leaves fall; but needles wave on winter wind, fir and hemlock evergreen","http://www.glassybaby.com/site/images/product-images/evergreen-candle-holder-votive_main.png?resizeid=8&resizeh=800&resizew=800","http://www.glassybaby.com/evergreen","evergreen | glassybaby","50 USD","glassybaby"
"5ty9ei9qi","in stock","new","they say dolphins are the second smartest animals. leaping, diving, playing all day: maybe they know something we have forgotten, or have yet to figure out","http://www.glassybaby.com/site/images/product-images/dolphin-candle-holder-votive_main.png?resizeid=8&resizeh=800&resizew=800","http://www.glassybaby.com/dolphin","dolphin | glassybaby","50 USD","glassybaby"
"pz6hohjvj","in stock","new","10% of the sale of each glassybaby will be donated to the glassybaby white light fund to help people, animals, and planet heal","http://www.glassybaby.com/site/images/product-images/dubs-candle-holder-votive_main.png?resizeid=8&resizeh=800&resizew=800","http://www.glassybaby.com/dubs","dubs | glassybaby","75 USD","glassybaby"
"geq74tqhz","in stock","new","you can’t remember a name the first time you hear it. but about the shape of a smile, or the smell of a shampoo, you have the memory of an elephant","http://www.glassybaby.com/site/images/product-images/elephant-candle-holder-votive_main.png?resizeid=8&resizeh=800&resizew=800","http://www.glassybaby.com/elephant","elephant | glassybaby","50 USD","glassybaby"
"o5yx70yqb","in stock","new","many understand the benefits of a vegetarian diet, but it takes a delicious eggplant parmesan to put chicken behind them","http://www.glassybaby.com/site/images/product-images/eggplant-candle-holder-votive_main.png?resizeid=8&resizeh=800&resizew=800","http://www.glassybaby.com/eggplant","eggplant | glassybaby","50 USD","glassybaby"
"rledp5tta","in stock","new","only in a song without words, a face with no makeup, a glass with no color, only there can we see the pure shape, flawless, and the flame of life within","http://www.glassybaby.com/site/images/product-images/flawless-candle-holder-votive_main.png?resizeid=8&resizeh=800&resizew=800","http://www.glassybaby.com/flawless","flawless | glassybaby","50 USD","glassybaby"
"h0s3xys8k","in stock","new","can't catch thegingerbread man, butyou can build him a tinyhouse every christmas, with a gumdrop chimney thatgets a bit shorter, each timeyou walk by","http://www.glassybaby.com/site/images/product-images/gingerbread-candle-holder-votive_main.png?resizeid=8&resizeh=800&resizew=800","http://www.glassybaby.com/gingerbread","gingerbread | glassybaby","50 USD","glassybaby"
"q16v72o3e","in stock","new","light green jadeite is the world’s most valuable gem. with its polished sparkle, it seems to shine with its own light, not just what is cast upon it","http://www.glassybaby.com/site/images/product-images/gem-candle-holder-votive_main.png?resizeid=8&resizeh=800&resizew=800","http://www.glassybaby.com/gem","gem | glassybaby","50 USD","glassybaby"
"53cbwrm06","in stock","new","one silver and the other gold, but both are equally valuable. we treasure new and old friendship. it can remind us of the times and show us a new perspective.","http://www.glassybaby.com/site/images/product-images/friendship-candle-holder-votive_main.png?resizeid=8&resizeh=800&resizew=800","http://www.glassybaby.com/friendship","friendship | glassybaby","50 USD","glassybaby"
"fcyt2771k","in stock","new","crouching in the mud - be silent when frog hunting. silence. ""ribbit."" you look toward the sound. vacated lily pad wobbles in a tiny ripple","http://www.glassybaby.com/site/images/product-images/frog-hunting-candle-holder-votive_main.png?resizeid=8&resizeh=800&resizew=800","http://www.glassybaby.com/frog-hunting","frog hunting | glassybaby","50 USD","glassybaby"
"j8j2t9rkr","in stock","new","when it comes to love and support, too much isn't enough. you get parents and aunts and uncles, and for good measure, we'll throw in a godmother, too","http://www.glassybaby.com/site/images/product-images/godmother-candle-holder-votive_main.png?resizeid=8&resizeh=800&resizew=800","http://www.glassybaby.com/godmother","godmother | glassybaby","50 USD","glassybaby"
"xz0unxuxw","in stock","new","what she wants? she wants you to know before she does. she's a diva, she has everything and yes she will have it now, yes she smiles, please thank you","http://www.glassybaby.com/site/images/product-images/diva-candle-holder-votive_main.png?resizeid=8&resizeh=800&resizew=800","http://www.glassybaby.com/diva","diva | glassybaby","75 USD","glassybaby"
"7glw28eij","in stock","new","tall person wraps over shorter shoulders, short one throws arms up around taller neck, or both right arms can go over the lefts. we love all types of hugs","http://www.glassybaby.com/site/images/product-images/hugs-candle-holder-votive_main.png?resizeid=8&resizeh=800&resizew=800","http://www.glassybaby.com/hugs","hugs | glassybaby","50 USD","glassybaby"
"2f5n22bf0","in stock","new","it’s hard, maybe impossible, to imagine any limits to the human imagination","http://www.glassybaby.com/site/images/product-images/imagine-candle-holder-votive_main.png?resizeid=8&resizeh=800&resizew=800","http://www.glassybaby.com/imagine","imagine | glassybaby","50 USD","glassybaby"
"jdul5dbhz","in stock","new","sometimes you have to believe in something in order for it to come true. leadership, friendship, and love all depend, in some way, on the power of faith","http://www.glassybaby.com/site/images/product-images/faith-candle-holder-votive_main.png?resizeid=8&resizeh=800&resizew=800","http://www.glassybaby.com/faith","faith | glassybaby","50 USD","glassybaby"
"ayix5m3x9","in stock","new","leaves flare and fall, snow melts away, candles burn low. each moment, each thing grows old and becomes anew, except one: unconditional love everlasting","http://www.glassybaby.com/site/images/product-images/everlasting-candle-holder-votive_main.png?resizeid=8&resizeh=800&resizew=800","http://www.glassybaby.com/everlasting","everlasting | glassybaby","50 USD","glassybaby"
"r02dmorob","in stock","new","in seattle august, the gray stops and the greenshrines in the welcome sun. the emerald city seems too gorgeous to be real. we make sure not to click our heels together, just in case","http://www.glassybaby.com/site/images/product-images/emerald-candle-holder-votive_main.png?resizeid=8&resizeh=800&resizew=800","http://www.glassybaby.com/emerald","emerald | glassybaby","50 USD","glassybaby"
"nr22u8dw0","in stock","new","""what lies behind you and what lies in front of you, pales in comparison to what lies inside of you."" - ralph waldo emerson","http://www.glassybaby.com/site/images/product-images/emerson-candle-holder-votive_main.png?resizeid=8&resizeh=800&resizew=800","http://www.glassybaby.com/emerson","emerson | glassybaby","75 USD","glassybaby"
"hbnepgv23","in stock","new","your tiny hands grip the collar, as you dogride around the yard, until -squirrel!- he bolts. up, slowly you float, and then wake from the innocent dream","http://www.glassybaby.com/site/images/product-images/dream-candle-holder-votive_main.png?resizeid=8&resizeh=800&resizew=800","http://www.glassybaby.com/dream","dream | glassybaby","50 USD","glassybaby"
"y198axmih","in stock","new","drive through the country in summer. farm stand, fresh blueberries. breathe the clean air, and look out over the fertile valley, where everything grows","http://www.glassybaby.com/site/images/product-images/fertile-candle-holder-votive_main.png?resizeid=8&resizeh=800&resizew=800","http://www.glassybaby.com/fertile","fertile | glassybaby","50 USD","glassybaby"
"sksrfvmst","in stock","new","“she’s got a ‘tude,” her teachers used to say. luckily attitude can grow into fortitude, if you let it","http://www.glassybaby.com/site/images/product-images/fortitude-candle-holder-votive_main.png?resizeid=8&resizeh=800&resizew=800","http://www.glassybaby.com/fortitude","fortitude | glassybaby","50 USD","glassybaby"
"6f0x74hx2","in stock","new","snowy southern cap, cloud curls diffuse, oceans blue beside africa. the blue marble planet is upside down, yet alive in silent black, unmistakably home","http://www.glassybaby.com/site/images/product-images/home-candle-holder-votive_main.png?resizeid=8&resizeh=800&resizew=800","http://www.glassybaby.com/home","home | glassybaby","75 USD","glassybaby"
"semafds1n","in stock","new","dude, we are all one, together in this infinite universe. just think about all those galaxies out there, shining on our behalf. its pretty far out, right? p.p1 {margin: 0.0px 0.0px 0.0px 0.0px; font: 15.0px Helvetica; -webkit-text-stroke: #000000} span.s1 {font-kerning: none} span.s2 {text-decoration: underline ; font-kerning: none; background-color: #fffecc}","http://www.glassybaby.com/site/images/product-images/far-out-candle-holder-votive_main.png?resizeid=8&resizeh=800&resizew=800","http://www.glassybaby.com/far-out","far out | glassybaby","75 USD","glassybaby"
"q03ocvptj","in stock","new","up in the cascades, winter winds can blow down the biggest trees. come summer, hidden moss carpets the uprooted trunk, a soft little bed for the squirrels","http://www.glassybaby.com/site/images/product-images/hidden-moss-candle-holder-votive_main.png?resizeid=8&resizeh=800&resizew=800","http://www.glassybaby.com/hidden-moss","hidden moss | glassybaby","50 USD","glassybaby"
"bmqcuysko","in stock","new","this is the last place he'll look, you think, playing hide & seek. but when you hear footsteps, your heart jumps and runs, secretly, you want to be found","http://www.glassybaby.com/site/images/product-images/hide-seek-candle-holder-votive_main.png?resizeid=8&resizeh=800&resizew=800","http://www.glassybaby.com/hide-seek","hide & seek | glassybaby","50 USD","glassybaby"
"0g4zw1t21","in stock","new","when beauty, elegance, and comfort appear before you as if the world knows you deserve it – that’s luxury","http://www.glassybaby.com/site/images/product-images/luxury-candle-holder-votive_main.png?resizeid=8&resizeh=800&resizew=800","http://www.glassybaby.com/luxury","luxury | glassybaby","50 USD","glassybaby"
"5ahflfa8m","in stock","new","‘grandmother’ or even ‘grandma’ are a lot of syllables for a two-toothed mouth to pronounce. much easier to thank grammy for the cookies and smiles","http://www.glassybaby.com/site/images/product-images/grammy-candle-holder-votive_main.png?resizeid=8&resizeh=800&resizew=800","http://www.glassybaby.com/grammy","grammy | glassybaby","50 USD","glassybaby"
"uq851axfl","in stock","new","a purple sea hums and ripples softly in the wind. you wade in the meadow unafraid of stings, for lavender's ethereal waft enthralls the bees with peace","http://www.glassybaby.com/site/images/product-images/lavender-candle-holder-votive_main.png?resizeid=8&resizeh=800&resizew=800","http://www.glassybaby.com/lavender","lavender | glassybaby","50 USD","glassybaby"
"6ikp992k5","in stock","new","above the water wings, above the laps, eye-level with pretty girls flipping through the sky, a lifeguard waits. sun swings slow off inscrutable shades","http://www.glassybaby.com/site/images/product-images/lifeguard-candle-holder-votive_main.png?resizeid=8&resizeh=800&resizew=800","http://www.glassybaby.com/lifeguard","lifeguard | glassybaby","50 USD","glassybaby"
"0zn7m642m","in stock","new","“goodness, you’ve grown!” grandma says and kisses your forehead. in your smile, she sees the best part of herself passed down, then smiles herself","http://www.glassybaby.com/site/images/product-images/goodness-candle-holder-votive_main.png?resizeid=8&resizeh=800&resizew=800","http://www.glassybaby.com/goodness","goodness | glassybaby","50 USD","glassybaby"
"l8zdmrhuc","in stock","new","petunia, afternoon sun, warm smile, soft questions.that friend with the laugh, the smile, the calm soothing one.","http://www.glassybaby.com/site/images/product-images/petunia-candle-holder-votive_main.png?resizeid=8&resizeh=800&resizew=800","http://www.glassybaby.com/petunia","petunia | glassybaby","50 USD","glassybaby"
"avgvlcuck","in stock","new","when you align what you desire with what is here for you, your progress through time is a journey of peace","http://www.glassybaby.com/site/images/product-images/peace-candle-holder-votive_main.png?resizeid=8&resizeh=800&resizew=800","http://www.glassybaby.com/peace","peace | glassybaby","50 USD","glassybaby"
"l5sfd4s8r","in stock","new","you slip off your backpack and sit, beside the mountain lake. its mirror surface reflects one little cloud and your mood: peaceful","http://www.glassybaby.com/site/images/product-images/peaceful-candle-holder-votive_main.png?resizeid=8&resizeh=800&resizew=800","http://www.glassybaby.com/peaceful","peaceful | glassybaby","50 USD","glassybaby"
"w8dfhje6k","in stock","new","one pearl, from different angles, will gleam a different glow, iridescent and subjective, like everything we know","http://www.glassybaby.com/site/images/product-images/pearl-candle-holder-votive_main.png?resizeid=8&resizeh=800&resizew=800","http://www.glassybaby.com/pearl","pearl | glassybaby","75 USD","glassybaby"
"epl9m41xx","in stock","new","after her april shower, the peony rejoices for may, unfurling forth in pretty excitement, petals pushing out to stretch in the sun and beckon the busy bees","http://www.glassybaby.com/site/images/product-images/peony-candle-holder-votive_main.png?resizeid=8&resizeh=800&resizew=800","http://www.glassybaby.com/peony","peony | glassybaby","50 USD","glassybaby"
"1ytl14367","in stock","new","thunderous waves rock the tugboat. in foamy bubbles off the stern, there looms a rubber ducky, bounced up and down in the tub by an unwittingly clean hand","http://www.glassybaby.com/site/images/product-images/rubber-ducky-candle-holder-votive_main.png?resizeid=8&resizeh=800&resizew=800","http://www.glassybaby.com/rubber-ducky","rubber ducky | glassybaby","50 USD","glassybaby"
"9tjpxwvln","in stock","new","sunlight slants through autumn leaves to dapple tiny eyelids. baby birdies awake in the nest and “peep! cheep!” for mama to fly home with breakfast","http://www.glassybaby.com/site/images/product-images/nest-candle-holder-votive_main.png?resizeid=8&resizeh=800&resizew=800","http://www.glassybaby.com/nest","nest | glassybaby","50 USD","glassybaby"
"hnp5bx373","in stock","new","with all the sunlight she collected, she chose to make a flower. for though each petal will fall in time, first its beauty will bring in butterflies.","http://www.glassybaby.com/site/images/product-images/petal-candle-holder-votive_main.png?resizeid=8&resizeh=800&resizew=800","http://www.glassybaby.com/petal","petal | glassybaby","75 USD","glassybaby"
"x5n4sgp47","in stock","new","we can’t all be peter pan. but we can recall that each moment is happening for the first time. know this, and keep custody of your own inner child","http://www.glassybaby.com/site/images/product-images/peter-pan-candle-holder-votive_main.png?resizeid=8&resizeh=800&resizew=800","http://www.glassybaby.com/peter-pan","peter pan | glassybaby","50 USD","glassybaby"
"u0phg8cnr","in stock","new","rolling out across the fields of grass, poppy blossoms a scarlet wave, nearly tragic beauty harking back to dear times past","http://www.glassybaby.com/site/images/product-images/poppy-candle-holder-votive_main.png?resizeid=8&resizeh=800&resizew=800","http://www.glassybaby.com/poppy","poppy | glassybaby","50 USD","glassybaby"
"sb6cwdbkp","in stock","new","“I am thankful that this pond was made deep and pure for a symbol. while we believe in the infinite some ponds will be thought to be bottomless.” - thoreau","http://www.glassybaby.com/site/images/product-images/pond-candle-holder-votive_main.png?resizeid=8&resizeh=800&resizew=800","http://www.glassybaby.com/pond","pond | glassybaby","50 USD","glassybaby"
"8zihvinlc","in stock","new","what makes you feel safe? our list includes: candles, dogs, smiles, teammates, locks, and love","http://www.glassybaby.com/site/images/product-images/safe-candle-holder-votive_main.png?resizeid=8&resizeh=800&resizew=800","http://www.glassybaby.com/safe","safe | glassybaby","50 USD","glassybaby"
"vvp36uom1","in stock","new","the last word of a citizen trapped in the trappings of success: rosebud, because he longed for his early days of simple joy and pure love.","http://www.glassybaby.com/site/images/product-images/rosebud-candle-holder-votive_main.png?resizeid=8&resizeh=800&resizew=800","http://www.glassybaby.com/product/4835","rosebud | glassybaby","50 USD","glassybaby"
"j0ne2s83v","in stock","new","some plants suffer lost leaves and broken stems, or flowers knocked off careless. people suffer the same. but if the roots remain, so too do life and hope","http://www.glassybaby.com/site/images/product-images/roots-candle-holder-votive_main.png?resizeid=8&resizeh=800&resizew=800","http://www.glassybaby.com/roots","roots | glassybaby","50 USD","glassybaby"
"wyso58mdl","in stock","new","for confucius, a sage was a ""superior man."" okay, okay, but wisdom also flourishes in women, children between the ages of 8 and 11, and most dogs","http://www.glassybaby.com/site/images/product-images/sage-candle-holder-votive_main.png?resizeid=8&resizeh=800&resizew=800","http://www.glassybaby.com/sage","sage | glassybaby","50 USD","glassybaby"
"j91uz02yn","in stock","new","good luck with her. hope you get on her good side. if miles davis is the epitome of cool, then she’s the epitome of sassy","http://www.glassybaby.com/site/images/product-images/sassy-candle-holder-votive_main.png?resizeid=8&resizeh=800&resizew=800","http://www.glassybaby.com/sassy","sassy | glassybaby","50 USD","glassybaby"
"xe43ewi1i","in stock","new","sometimes water bubbles get so excited about bubbling that they can't even stand it. all they can do is let go of control and bloom together into seafoam","http://www.glassybaby.com/site/images/product-images/sea-foam-candle-holder-votive_main.png?resizeid=8&resizeh=800&resizew=800","http://www.glassybaby.com/sea-foam","seafoam | glassybaby","50 USD","glassybaby"
"cjlichth3","in stock","new","10% from the sale of each drinker will be donated to the glassybaby white light fund in further support of the VA Puget Sound Health Care System","http://www.glassybaby.com/site/images/product-images/cape-codder-drinker_main.png?resizeid=8&resizeh=800&resizew=800","http://www.glassybaby.com/cape-codder","cape codder | glassybaby","55 USD","glassybaby"
"cq17eo9kd","in stock","new","10% from the sale of each drinker will be donated to the glassybaby white light fund in further support of the VA Puget Sound Health Care System","http://www.glassybaby.com/site/images/product-images/bellini-drinker_main.png?resizeid=8&resizeh=800&resizew=800","http://www.glassybaby.com/bellini","bellini | glassybaby","55 USD","glassybaby"
"9ids9uk67","in stock","new","10% from the sale of each drinker will be donated to the glassybaby white light fund in further support of the VA Puget Sound Health Care System","http://www.glassybaby.com/site/images/product-images/champagne-drinker_main.png?resizeid=8&resizeh=800&resizew=800","http://www.glassybaby.com/champagne","champagne | glassybaby","55 USD","glassybaby"
"s6e0nos7d","in stock","new","she decides just where to grow, and is only sniffed by the luckiest nose. with un-pruned flowers, hips, and thorns, she’s an untamed wild rose","http://www.glassybaby.com/site/images/product-images/wild-rose-candle-holder-votive_main.png?resizeid=8&resizeh=800&resizew=800","http://www.glassybaby.com/wild-rose","wild rose | glassybaby","50 USD","glassybaby"
"zxuce9216","in stock","new","calculus, chess, critical theory: knowledge of the smart. raising a child, listening well, accepting a humble harmony with the earth: knowledge of the wise","http://www.glassybaby.com/site/images/product-images/wise-candle-holder-votive_main.png?resizeid=8&resizeh=800&resizew=800","http://www.glassybaby.com/wise","wise | glassybaby","55 USD","glassybaby"
"4flrlpzsi","in stock","new","10% from the sale of each drinker will be donated to the glassybaby white light fund in further support of the va puget sound health care system","http://www.glassybaby.com/site/images/product-images/grape-juice-drinker_main.png?resizeid=8&resizeh=800&resizew=800","http://www.glassybaby.com/grape-juice","""grape juice"" | glassybaby","55 USD","glassybaby"
"yxcmgay8r","in stock","new","every halloween, same costume. glinda the witch of the north. blonde wig, pink dress, much candy. little trick or treaters learn: not every witch is wicked","http://www.glassybaby.com/site/images/product-images/wicked-candle-holder-votive_main.png?resizeid=8&resizeh=800&resizew=800","http://www.glassybaby.com/wicked","wicked | glassybaby","50 USD","glassybaby"
"t0c8e8xzm","in stock","new","10% from the sale of each drinker will be donated to the glassybaby white light fund in further support of the VA Puget Sound Health Care System","http://www.glassybaby.com/site/images/product-images/hard-cider-drinker_main.png?resizeid=8&resizeh=800&resizew=800","http://www.glassybaby.com/hard-cider","hard cider | glassybaby","55 USD","glassybaby"
"4uswd8ir0","in stock","new","10% from the sale of each drinker will be donated to the glassybaby white light fund in further support of the VA Puget Sound Health Care System","http://www.glassybaby.com/site/images/product-images/earl-grey-drinker_main.png?resizeid=8&resizeh=800&resizew=800","http://www.glassybaby.com/earl-grey","earl grey | glassybaby","55 USD","glassybaby"
"redaotp64","in stock","new","10% from the sale of each drinker will be donated to the glassybaby white light fund in further support of the VA Puget Sound Health Care System","http://www.glassybaby.com/site/images/product-images/cola-drinker_main.png?resizeid=8&resizeh=800&resizew=800","http://www.glassybaby.com/cola","cola | glassybaby","55 USD","glassybaby"
"408wqvt4a","in stock","new","10% from the sale of each drinker will be donated to the glassybaby white light fund in further support of the VA Puget Sound Health Care System","http://www.glassybaby.com/site/images/product-images/twist-drinker_main.png?resizeid=8&resizeh=800&resizew=800","http://www.glassybaby.com/twist","twist | glassybaby","55 USD","glassybaby"
"nar2pnrsg","in stock","new","perfect for dinner parties, or just because. carries up to six glassybaby* or drinkers.","http://www.glassybaby.com/site/images/product-images/tote_main.png?resizeid=8&resizeh=800&resizew=800","http://www.glassybaby.com/glassybaby-tote","tote | glassybaby","60 USD","glassybaby"
"n26z55lj5","in stock","new","some say rail is the most dignified form of transport. if that's true for humans, we thought, maybe it's true for glassybaby too. clearly, we were right. as the brand-new, clear acrylic baby train makes clear. the baby train elevates glassybaby up above a table or a windowsill and keeps them arranged like a line of boxcars. the most dignified way to bring color to your table.","http://www.glassybaby.com/site/images/product-images/babytrain-5_L1.jpg?resizeid=8&resizeh=800&resizew=800","http://www.glassybaby.com/babytrain-5","baby train | glassybaby","250 USD","glassybaby"
"3vzx9loh3","in stock","new","10% from the sale of each drinker will be donated to the glassybaby white light fund in further support of the VA Puget Sound Health Care System","http://www.glassybaby.com/site/images/product-images/fruit-punch-drinker_main.png?resizeid=8&resizeh=800&resizew=800","http://www.glassybaby.com/fruit-punch","fruit punch | glassybaby","55 USD","glassybaby"
"yyesctkbh","in stock","new","10% from the sale of each drinker will be donated to the glassybaby white light fund in further support of the VA Puget Sound Health Care System","http://www.glassybaby.com/site/images/product-images/cosmo-drinker_main.png?resizeid=8&resizeh=800&resizew=800","http://www.glassybaby.com/cosmo","cosmo | glassybaby","55 USD","glassybaby"
"smxk5h9xh","in stock","new","10% from the sale of each drinker will be donated to the glassybaby white light fund in further support of the VA Puget Sound Health Care System","http://www.glassybaby.com/site/images/product-images/family-hour-drinker_main.png?resizeid=8&resizeh=800&resizew=800","http://www.glassybaby.com/family-hour","family hour | glassybaby","55 USD","glassybaby"
"0x2szmoy9","in stock","new","10% from the sale of each drinker will be donated to the glassybaby white light fund in further support of the VA Puget Sound Health Care System","http://www.glassybaby.com/site/images/product-images/fizz-drinker_main.png?resizeid=8&resizeh=800&resizew=800","http://www.glassybaby.com/fizz","fizz | glassybaby","55 USD","glassybaby"
"p8yncg0yb","in stock","new","10% from the sale of each drinker will be donated to the glassybaby white light fund in further support of the VA Puget Sound Health Care System","http://www.glassybaby.com/site/images/product-images/gin-fizz-drinker_main.png?resizeid=8&resizeh=800&resizew=800","http://www.glassybaby.com/gin-fizz","gin fizz | glassybaby","55 USD","glassybaby"
"mm4y24wn8","in stock","new","for 12 months, color club members will receive a different glassybaby that is hand-picked by our founder, lee rhodes.","http://www.glassybaby.com/site/images/product-images/color-club-12-months_main.png?resizeid=8&resizeh=800&resizew=800","http://www.glassybaby.com/color-club-12-months","color club - 12 months | glassybaby","600 USD","glassybaby"
"kcgrs9aaa","in stock","new","10% from the sale of each drinker will be donated to the glassybaby white light fund in further support of the VA Puget Sound Health Care System","http://www.glassybaby.com/site/images/product-images/mimosa-drinker_main.png?resizeid=8&resizeh=800&resizew=800","http://www.glassybaby.com/mimosa","mimosa | glassybaby","55 USD","glassybaby"
"pbh3y20bi","in stock","new","10% from the sale of each drinker will be donated to the glassybaby white light fund in further support of the VA Puget Sound Health Care System","http://www.glassybaby.com/site/images/product-images/on-the-rocks-drinker_main.png?resizeid=8&resizeh=800&resizew=800","http://www.glassybaby.com/on-the-rocks","on the rocks | glassybaby","55 USD","glassybaby"
"cofsuw49q","in stock","new","10% from the sale of each drinker will be donated to the glassybaby white light fund in further support of the VA Puget Sound Health Care System","http://www.glassybaby.com/site/images/product-images/night-cap-drinker_main.png?resizeid=8&resizeh=800&resizew=800","http://www.glassybaby.com/night-cap","night cap | glassybaby","55 USD","glassybaby"
"0eovnhdwx","in stock","new","10% from the sale of each drinker will be donated to the glassybaby white light fund in further support of the VA Puget Sound Health Care System","http://www.glassybaby.com/site/images/product-images/sparkling-water-drinker_main.png?resizeid=8&resizeh=800&resizew=800","http://www.glassybaby.com/sparkling-water","sparkling water | glassybaby","55 USD","glassybaby"
"8azap7acx","in stock","new","10% from the sale of each drinker will be donated to the glassybaby white light fund in further support of the VA Puget Sound Health Care System","http://www.glassybaby.com/site/images/product-images/mama-drinker_main.png?resizeid=8&resizeh=800&resizew=800","http://www.glassybaby.com/mama","mama drinker | glassybaby","55 USD","glassybaby"
"9zqh0vjce","in stock","new","10% from the sale of each drinker will be donated to the glassybaby white light fund in further support of the VA Puget Sound Health Care System","http://www.glassybaby.com/site/images/product-images/splash-drinker_main.png?resizeid=8&resizeh=800&resizew=800","http://www.glassybaby.com/splash","splash | glassybaby","55 USD","glassybaby"
"slkqihstg","in stock","new","100% palm wax. paraffin free, lead free, non-toxic. each box contains 100 tea lights.","http://www.glassybaby.com/site/images/product-images/palm-wax-tea-lights-100_main.png?resizeid=8&resizeh=800&resizew=800","http://www.glassybaby.com/palm-wax-tea-lights-100","palm wax tea lights - box of 100 | glassybaby","30 USD","glassybaby"
"isenxge91","in stock","new","our beeswax tea lights are individually hand-poured in virginia and feature an all natural wick for a cleaner burn. each box contains 4 tea lights.","http://www.glassybaby.com/site/images/product-images/beeswax-tea-lights-15-hour_main.png?resizeid=8&resizeh=800&resizew=800","http://www.glassybaby.com/beeswax-tea-lights-15-hour","beeswax tea lights - 15 hour burn time | glassybaby","16 USD","glassybaby"
"09p74sbfz","in stock","new","an exclusive glassybaby scent that is simple, friendly and pure with hints of vanilla beans, natural jasmine, gardenia and fresh tuberose","http://www.glassybaby.com/site/images/product-images/scented-tea-light_main.png?resizeid=8&resizeh=800&resizew=800","http://www.glassybaby.com/scented-tea-light","scented tea light | glassybaby","10 USD","glassybaby"
"14lonjhbk","in stock","new","for 6 months, color club members will receive a different glassybaby that is hand-picked by our founder, lee rhodes.","http://www.glassybaby.com/site/images/product-images/color-club-6-months_main.png?resizeid=8&resizeh=800&resizew=800","http://www.glassybaby.com/color-club-6-months","color club - 6 months | glassybaby","300 USD","glassybaby"
"vzgry9aoi","in stock","new","for 3 months, color club members will receive a different glassybaby that is hand-picked by our founder, lee rhodes.","http://www.glassybaby.com/site/images/product-images/color-club-3-months_main.png?resizeid=8&resizeh=800&resizew=800","http://www.glassybaby.com/color-club-3-months","color club - 3 months | glassybaby","150 USD","glassybaby"
"n84946ozg","in stock","new","10% from the sale of each drinker will be donated to the glassybaby white light fund in further support of the VA Puget Sound Health Care System","http://www.glassybaby.com/site/images/product-images/papa-drinker_main.png?resizeid=8&resizeh=800&resizew=800","http://www.glassybaby.com/papa","papa | glassybaby","55 USD","glassybaby"
"045dtfq0i","in stock","new","matches are 4 inches longdimensions of box : 4 3/8 X 2 3/8 X 3/4 tall50 pieces per boxmade in japan","http://www.glassybaby.com/site/images/product-images/glassybaby-matches_main.png?resizeid=8&resizeh=800&resizew=800","http://www.glassybaby.com/glassybaby-matches","glassybaby matches | glassybaby","5 USD","glassybaby"
"wiiz3ht7w","in stock","new","10% from the sale of each drinker will be donated to the glassybaby white light fund in further support of the VA Puget Sound Health Care System","http://www.glassybaby.com/site/images/product-images/single-malt-drinker_main.png?resizeid=8&resizeh=800&resizew=800","http://www.glassybaby.com/single-malt","single malt | glassybaby","55 USD","glassybaby"
"v1cn4mzlm","in stock","new","10% from the sale of each drinker will be donated to the glassybaby white light fund in further support of the VA Puget Sound Health Care System","http://www.glassybaby.com/site/images/product-images/happy-hour-drinker_main.png?resizeid=8&resizeh=800&resizew=800","http://www.glassybaby.com/happy-hour","happy hour | glassybaby","55 USD","glassybaby"
"ohgybam56","in stock","new","sunomono, sashimi, maguro, unagi, fiddleheads, hot sake, banana tempura. it's hard to get enough at nishino, even when you order too much","http://www.glassybaby.com/site/images/product-images/nishino-candle-holder-votive_main.png?resizeid=8&resizeh=800&resizew=800","http://www.glassybaby.com/nishino","nishino | glassybaby","50 USD","glassybaby"
"0zcbp7h2w","in stock","new","she rode a magic carpet and danced at the royal ball, but also bit a poison apple and kissed a frog: a princess can overcome great trials to find love","http://www.glassybaby.com/site/images/product-images/princess-candle-holder-votive_main.png?resizeid=8&resizeh=800&resizew=800","http://www.glassybaby.com/princess","princess | glassybaby","50 USD","glassybaby"
"xhfh828yx","in stock","new","mufasa's royal mane and rippling roar are good in movies. but the lioness of any pride hunts and protects the cubs, to show true strength of a lion's heart","http://www.glassybaby.com/site/images/product-images/lions-heart-candle-holder-votive_main.png?resizeid=8&resizeh=800&resizew=800","http://www.glassybaby.com/lions-heart","lion's heart | glassybaby","50 USD","glassybaby"
"7huvdag0v","in stock","new","every person has a bright piece of their heart that is fearless. letting this piece shine through your world is the best way to be truly brave","http://www.glassybaby.com/site/images/product-images/fearless-candle-holder-votive_main.png?resizeid=8&resizeh=800&resizew=800","http://www.glassybaby.com/fearless","fearless | glassybaby","50 USD","glassybaby"
"2futpwyh7","in stock","new","slow down, and light a match. you've got to make the evening last. droppin' candles into glass, looking for light and feelin' groovy p.p1 {margin: 0.0px 0.0px 0.0px 0.0px; font: 15.0px Helvetica; -webkit-text-stroke: #000000} span.s1 {font-kerning: none} span.s2 {text-decoration: underline ; font-kerning: none; background-color: #fffecc}","http://www.glassybaby.com/site/images/product-images/feelin-groovy-candle-holder-votive_main.png?resizeid=8&resizeh=800&resizew=800","http://www.glassybaby.com/feelin-groovy","feelin' groovy | glassybaby","75 USD","glassybaby"
"9n6itamy5","in stock","new","the deep blue early-night sky is a time machine. if you look hard enough among the billion-year old flickers of stars, you will see forever","http://www.glassybaby.com/site/images/product-images/forever-candle-holder-votive_main.png?resizeid=8&resizeh=800&resizew=800","http://www.glassybaby.com/forever","forever | glassybaby","50 USD","glassybaby"
"9msbh358g","in stock","new","an architect, a scientist, a programmer:a mother, a daughter, a sister.three strong spirits, each like a daisy blooming up from a field of grass.","http://www.glassybaby.com/site/images/product-images/daisy-candle-holder-votive_main.png?resizeid=8&resizeh=800&resizew=800","http://www.glassybaby.com/daisy","daisy | glassybaby","50 USD","glassybaby"
"yyephkv0r","in stock","new","a new years toast together: “to kindness all year long. when you have a friend from day one, every day is day one of the rest of your life”","http://www.glassybaby.com/site/images/product-images/day-one-candle-holder-votive_main.png?resizeid=8&resizeh=800&resizew=800","http://www.glassybaby.com/day-one","day one | glassybaby","75 USD","glassybaby"
"vud6rcbib","in stock","new","wouldn't it be so easy?wouldn't it be a relief?wouldn't it - wait. don't give in to give up. you are determined enough to triumph","http://www.glassybaby.com/site/images/product-images/determined-candle-holder-votive_main.png?resizeid=8&resizeh=800&resizew=800","http://www.glassybaby.com/determined","determined | glassybaby","50 USD","glassybaby"
"7qt3xjnlw","in stock","new","different creamsicle techniques: lick the orange veneer to whet the palette for vanilla within, or nibble chunk by chunk to blend each bite in melty wonder","http://www.glassybaby.com/site/images/product-images/creamsicle-candle-holder-votive_main.png?resizeid=8&resizeh=800&resizew=800","http://www.glassybaby.com/creamsicle","creamsicle | glassybaby","50 USD","glassybaby"
"a9ttcinlc","in stock","new",,,"http://www.glassybaby.com/given-to-fly","Shopping","undefined USD",
"kz08id5c2","in stock","new","foam bubbles surge up white vanilla scoops, up to the rim of your glass. the root beer float gently fizzes a question: to sip first or scoop with spoon?","http://www.glassybaby.com/site/images/product-images/root-beer-candle-holder-votive_main.png?resizeid=8&resizeh=800&resizew=800","http://www.glassybaby.com/root-beer","root beer | glassybaby","50 USD","glassybaby"
"0dvm11xu2","in stock","new","grandma told mamaand mama told me. long ago there were more elephants than humans, happy on the tembo savannah,great grey bodiesherding the wide horizon","http://www.glassybaby.com/site/images/product-images/tembo-brother-candle-holder-votive_main.png?resizeid=8&resizeh=800&resizew=800","http://www.glassybaby.com/tembo-brother","tembo brother | glassybaby","75 USD","glassybaby"
"tp0gbqb4r","in stock","new","the first swallow braces you, honeyed heat flowing down your chest. try not to cough, and let the ice melt a bit before the next sip of whiskey","http://www.glassybaby.com/site/images/product-images/whiskey-candle-holder-votive_main.png?resizeid=8&resizeh=800&resizew=800","http://www.glassybaby.com/whiskey","whiskey | glassybaby","50 USD","glassybaby"
"rcrl9lnfz","in stock","new","they asked why she still wore her tutu, after ballet class was over. they’d forgotten what every little girl knows, that every floor is a dance floor.","http://www.glassybaby.com/site/images/product-images/tutu-candle-holder-votive_main.png?resizeid=8&resizeh=800&resizew=800","http://www.glassybaby.com/tutu","tutu | glassybaby","50 USD","glassybaby"
"g4escdurn","in stock","new","this love doesn't care what, when, where, how; this love is unconditional","http://www.glassybaby.com/site/images/product-images/unconditional-candle-holder-votive_main.png?resizeid=8&resizeh=800&resizew=800","http://www.glassybaby.com/unconditional","unconditional | glassybaby","50 USD","glassybaby"
"hqxbmvpyn","in stock","new","enemy strong, mind weary. only one way onward: in. in where you know: your people need you, your people believe in you. valor grows there, and victory too","http://www.glassybaby.com/site/images/product-images/valor-candle-holder-votive_main.png?resizeid=8&resizeh=800&resizew=800","http://www.glassybaby.com/valor","valor | glassybaby","50 USD","glassybaby"
"a5jnyruis","in stock","new","it only hurt for a second when you pierced your ears. for months you kept the little studs, impatient to switch them for mom's elegant dangling turquoise","http://www.glassybaby.com/site/images/product-images/turquoise-candle-holder-votive_main.png?resizeid=8&resizeh=800&resizew=800","http://www.glassybaby.com/turquoise","turquoise | glassybaby","50 USD","glassybaby"
"fj7v29mjm","in stock","new","this worn, warm blanket is always warm, and upon the bare skin of your heart, tonight it feels warm & fuzzy","http://www.glassybaby.com/site/images/product-images/warm-and-fuzzy-candle-holder-votive_main.png?resizeid=8&resizeh=800&resizew=800","http://www.glassybaby.com/warm-fuzzy","warm & fuzzy | glassybaby","50 USD","glassybaby"
"20u9jjwun","in stock","new","beneath gray clouds, after leaves have fallen, when sun sets early, nature grants her delicious holiday gift, packed up in a peel: a little tangerine","http://www.glassybaby.com/site/images/product-images/tangerine-candle-holder-votive_main.png?resizeid=8&resizeh=800&resizew=800","http://www.glassybaby.com/tangerine","tangerine | glassybaby","50 USD","glassybaby"
"qm6jdz6wa","in stock","new","exaggeration can help evoke more truth. a reeled in fish always feels bigger than the ruler says. a touch of pink brings out true white inside of glass","http://www.glassybaby.com/site/images/product-images/true-white-candle-holder-votive_main.png?resizeid=8&resizeh=800&resizew=800","http://www.glassybaby.com/true-white","true white | glassybaby","50 USD","glassybaby"
"suvpqu2cq","in stock","new","mountain rises dim in dusk, boulders block the way, still you climb and clamber up, to burst at last upon the ridge, alit in sunset, smile alit in triumph","http://www.glassybaby.com/site/images/product-images/triumph-candle-holder-votive_main.png?resizeid=8&resizeh=800&resizew=800","http://www.glassybaby.com/triumph","triumph | glassybaby","50 USD","glassybaby"
"ojhpuh5qf","in stock","new","styles change – every season, every year – but those jeans linger in your drawer like comfortable, true blue denim friends, waiting for you to pull them on","http://www.glassybaby.com/site/images/product-images/true-blue-candle-holder-votive_main.png?resizeid=8&resizeh=800&resizew=800","http://www.glassybaby.com/true-blue","true blue | glassybaby","50 USD","glassybaby"
"3qbn3qr17","in stock","new","two little brother generals waged epic living room battles, allied against the marauding hound that had crunched a toy soldier in its jaws","http://www.glassybaby.com/site/images/product-images/toy-soldier-candle-holder-votive_main.png?resizeid=8&resizeh=800&resizew=800","http://www.glassybaby.com/toy-soldier","toy soldier | glassybaby","50 USD","glassybaby"
"of6f94qsr","in stock","new","you're here, we're happy. tell truly about your life, or say nothing at all, welcome is welcome, now and any time.","http://www.glassybaby.com/site/images/product-images/welcome-candle-holder-votive_main.png?resizeid=8&resizeh=800&resizew=800","http://www.glassybaby.com/welcome","welcome | glassybaby","50 USD","glassybaby"
"gg0gu372f","in stock","new","sniffy little nose twitches through a thousand scents, until it finds your face, and brushes with its whiskers, and nuzzles you with love.","http://www.glassybaby.com/site/images/product-images/whiskers-candle-holder-votive_main.png?resizeid=8&resizeh=800&resizew=800","http://www.glassybaby.com/whiskers","whiskers | glassybaby","50 USD","glassybaby"
"ufyq1wi8x","in stock","new","""whoa, whoa!"" you dance out of the way as the happy wet dog bounds up, drops his ball, and shakes cold drops of lake water onto your new white pants","http://www.glassybaby.com/site/images/product-images/wet-dog-candle-holder-votive_main.png?resizeid=8&resizeh=800&resizew=800","http://www.glassybaby.com/wet-dog","Test | glassybaby","50 USD","glassybaby"
"eln865jz5","in stock","new","gray winter months are vivid dreams. you forget real life isn’t like this, until forgotten sun bursts through clouds and raises a tulip like a memory","http://www.glassybaby.com/site/images/product-images/tulip-candle-holder-votive_main.png?resizeid=8&resizeh=800&resizew=800","http://www.glassybaby.com/tulip","tulip | glassybaby","55 USD","glassybaby"
"z1qgxyap3","in stock","new","you know it when you feel it, realize you’ve never felt it before. you rejoice, because when it comes alive, your life is one long celebration of true love","http://www.glassybaby.com/site/images/product-images/true-love-candle-holder-votive_main.png?resizeid=8&resizeh=800&resizew=800","http://www.glassybaby.com/true-love","true love | glassybaby","50 USD","glassybaby"
"l5d3xupp2","in stock","new","it may be a thousand miles from where you were born. maybe you’ve never been there before. but if people that you love are near, maybe it’s home sweet home","http://www.glassybaby.com/site/images/product-images/home-sweet-home-candle-holder-votive_main.png?resizeid=8&resizeh=800&resizew=800","http://www.glassybaby.com/home-sweet-home","home sweet home | glassybaby","50 USD","glassybaby"
"tlv9y3psg","in stock","new","in a perfect world, we'd all celebrate each day. in this world, we make up good excuses, for everyone, at least once a year. happy birthday to you","http://www.glassybaby.com/site/images/product-images/happy-birthday-candle-holder-votive_main.png?resizeid=8&resizeh=800&resizew=800","http://www.glassybaby.com/happy-birthday","happy birthday | glassybaby","50 USD","glassybaby"
"8ubq4b0nr","in stock","new","deep blue lake, summer night, no suit. cool water, skinny dip. you ripple the reflection of the first rising stars, and remember how alive you are","http://www.glassybaby.com/site/images/product-images/skinny-dip-candle-holder-votive_main.png?resizeid=8&resizeh=800&resizew=800","http://www.glassybaby.com/skinny-dip","skinny dip | glassybaby","50 USD","glassybaby"
"3ootzvqgt","in stock","new","the northwest has a moderate climate, but immoderate beauty. 300 cloudy days are redeemed when jagged mountains shimmer in a clear seattle sunset","http://www.glassybaby.com/site/images/product-images/seattle-sunset-candle-holder-votive_main.png?resizeid=8&resizeh=800&resizew=800","http://www.glassybaby.com/seattle-sunset","seattle sunset | glassybaby","50 USD","glassybaby"
"d8f3qz5u9","in stock","new","clouds come in seattle, smudges of gray erasing the blue. sometimes they linger long, but then sunshine brings blue back, lovelier even than before","http://www.glassybaby.com/site/images/product-images/sunshine-candle-holder-votive_main.png?resizeid=8&resizeh=800&resizew=800","http://www.glassybaby.com/sunshine","sunshine | glassybaby","50 USD","glassybaby"
"xx4dgxlub","in stock","new","water reflects light. leaves absorb light. screens project light. but only flame, the sun and stars, and human love shine of their own accord","http://www.glassybaby.com/site/images/product-images/shine-candle-holder-votive_main.png?resizeid=8&resizeh=800&resizew=800","http://www.glassybaby.com/shine","shine | glassybaby","50 USD","glassybaby"
"drcz5s511","in stock","new","even when the darkest clouds seem to cover all the sky, creative, determined people can find a silver lining,in the grey","http://www.glassybaby.com/site/images/product-images/silver-lining-candle-holder-votive_main.png?resizeid=8&resizeh=800&resizew=800","http://www.glassybaby.com/silver-lining","silver lining | glassybaby","75 USD","glassybaby"
"pm8wn4sdl","in stock","new","sometimes you only know you did wrong after doing it. nobody ever asks for excuses – sometimes all you can say is sorry","http://www.glassybaby.com/site/images/product-images/sorry-candle-holder-votive_main.png?resizeid=8&resizeh=800&resizew=800","http://www.glassybaby.com/sorry","sorry | glassybaby","50 USD","glassybaby"
"cqu6uivdp","in stock","new","the dream was dim and gray, until you walked into my mind and kindled a colorful glow. we laughed so hard I woke myself up and started the day with a smile.","http://www.glassybaby.com/site/images/product-images/smile-candle-holder-votive_main.png?resizeid=8&resizeh=800&resizew=800","http://www.glassybaby.com/smile","smile | glassybaby","50 USD","glassybaby"
"1gm1j5u9g","in stock","new","beyond giving it a name, what can we say about spirit? it can only be felt in your wordless heart, but you can feel it anywhere, if you are open to it.","http://www.glassybaby.com/site/images/product-images/spirit-candle-holder-votive_main.png?resizeid=8&resizeh=800&resizew=800","http://www.glassybaby.com/spirit","spirit | glassybaby","50 USD","glassybaby"
"bj4fagfay","in stock","new","a bittersweet dropoff on the first day of school. savor the last little smooch of goodbye, miss them already, look forward to delicious freedom of today","http://www.glassybaby.com/site/images/product-images/smooch-candle-holder-votive_main.png?resizeid=8&resizeh=800&resizew=800","http://www.glassybaby.com/smooch","smooch | glassybaby","50 USD","glassybaby"
"pzm69n3gq","in stock","new","sister looks life in the eye and doesn’t blink. she’ll sit and talk about your life, outpace you on a 4-mile loop, and offer a piece of fresh rhubarb crisp","http://www.glassybaby.com/site/images/product-images/sister-candle-holder-votive_main.png?resizeid=8&resizeh=800&resizew=800","http://www.glassybaby.com/sister","sister | glassybaby","50 USD","glassybaby"
"48cgtkk8v","in stock","new","why do we dream what we dream? perhaps to sort and see the impressions that waking life makes upon our soul","http://www.glassybaby.com/site/images/product-images/soul-candle-holder-votive_main.png?resizeid=8&resizeh=800&resizew=800","http://www.glassybaby.com/soul","soul | glassybaby","55 USD","glassybaby"
"no84gcykc","in stock","new","power went out, so we lit our glassybaby and stayed up late. power back on the next night, but we hit the circuit breaker and brought out the candles again","http://www.glassybaby.com/site/images/product-images/stormy-candle-holder-votive_main.png?resizeid=8&resizeh=800&resizew=800","http://www.glassybaby.com/stormy","stormy | glassybaby","50 USD","glassybaby"
"s0x76i32x","in stock","new","the snuggle smells like sleeping bodies, sounds like happy birds. we can only talk by touching. still unawake to words","http://www.glassybaby.com/site/images/product-images/snuggle-candle-holder-votive_main.png?resizeid=8&resizeh=800&resizew=800","http://www.glassybaby.com/snuggle","snuggle | glassybaby","50 USD","glassybaby"
"kptmpxgcu","in stock","new","imagine going to a party with andy warhol, diana ross, calvin klein, brooke shields, and richard gere. and it’s also a KISS concert. welcome to studio 54","http://www.glassybaby.com/site/images/product-images/studio-54-candle-holder-votive_main.png?resizeid=8&resizeh=800&resizew=800","http://www.glassybaby.com/studio-54","studio 54 | glassybaby","50 USD","glassybaby"
"n6e28v3yu","in stock","new","every human bears a burden, to test the muscles in your soul. in love and kindness we find our strength, to overcome life's heaviest times","http://www.glassybaby.com/site/images/product-images/strength-candle-holder-votive_main.png?resizeid=8&resizeh=800&resizew=800","http://www.glassybaby.com/strength","strength | glassybaby","50 USD","glassybaby"
"hlb134853","in stock","new","your first wedding was your aunt’s, as a lovely flower girl, your parents remember well. when you marry, though older, you're still their little sweet pea","http://www.glassybaby.com/site/images/product-images/sweet-pea-candle-holder-votive_main.png?resizeid=8&resizeh=800&resizew=800","http://www.glassybaby.com/sweet-pea","sweet pea | glassybaby","50 USD","glassybaby"
"f450ehwja","in stock","new","she loved it since she was a baby, then for two young years she would ask, every night, for sweet patootie for dinner","http://www.glassybaby.com/site/images/product-images/sweet-patootie-candle-holder-votive_main.png?resizeid=8&resizeh=800&resizew=800","http://www.glassybaby.com/sweet-patootie","sweet patootie | glassybaby","50 USD","glassybaby"
"4lf9f99qa","in stock","new","sometimes it’s puppy love, sometimes it deepens for life. in any case, you learn from it, and look back fondly at memories of your high school sweetheart","http://www.glassybaby.com/site/images/product-images/sweetheart-candle-holder-votive_main.png?resizeid=8&resizeh=800&resizew=800","http://www.glassybaby.com/sweetheart","sweetheart | glassybaby","50 USD","glassybaby"
"s5bi1oksf","in stock","new","with all due respect to jefferson's declaration, we think happiness is best not when pursued, but rather stumbled upon, while being grateful and generous","http://www.glassybaby.com/site/images/product-images/happiness-candle-holder-votive_main.png?resizeid=8&resizeh=800&resizew=800","http://www.glassybaby.com/happiness","happiness | glassybaby","50 USD","glassybaby"
"sv9nsru1k","in stock","new","“you can be my wingman any time” – iceman, top gun","http://www.glassybaby.com/site/images/product-images/wingman-candle-holder-votive_main.png?resizeid=8&resizeh=800&resizew=800","http://www.glassybaby.com/wingman","wingman | glassybaby","50 USD","glassybaby"
"e6uoj5dfw","in stock","new","100% palm wax. paraffin free, lead free, non-toxic. each box contains 16 tea lights.","http://www.glassybaby.com/site/images/product-images/palm-wax-tea-lights-16_main.png?resizeid=8&resizeh=800&resizew=800","http://www.glassybaby.com/palm-wax-tea-lights-16","palm wax tea lights - box of 16 | glassybaby","8 USD","glassybaby"
"a7uvngvli","in stock","new","our beeswax tealights are individually hand-poured in virginia and feature an all-natural wick for a cleaner burn. each box contains 100 tea lights.","http://www.glassybaby.com/site/images/product-images/beeswax-tea-lights-100_main.png?resizeid=8&resizeh=800&resizew=800","http://www.glassybaby.com/beeswax-tea-lights-100","beeswax tea light - box of 100 | glassybaby","135 USD","glassybaby"
"v21yyiri3","in stock","new","10% from the sale of each drinker will be donated to the glassybaby white light fund in further support of the VA Puget Sound Health Care System.","http://www.glassybaby.com/site/images/product-images/rose-drinker_main.png?resizeid=8&resizeh=800&resizew=800","http://www.glassybaby.com/product/4792","rosé | glassybaby","55 USD","glassybaby"
"mtqzmmxky","in stock","new",,,"http://www.glassybaby.com/promise","Shopping","undefined USD",
"iztwv7bn2","in stock","new",,,"http://www.glassybaby.com/mother-earth","Shopping","undefined USD",
"v5qvymr9e","in stock","new",,,"http://www.glassybaby.com/mountain-lake","Shopping","undefined USD",
"881nvh8ik","in stock","new",,,"http://www.glassybaby.com/great-oak","Shopping","undefined USD",
"dp6z7zv8n","in stock","new","10% of the sale of each glassybaby will be donated to the glassybaby white light fund to help people, animals, and planet heal","http://www.glassybaby.com/site/images/product-images/starter-candle-holder-votive-set_main.png?resizeid=8&resizeh=800&resizew=800","http://www.glassybaby.com/starter-kit","starter kit | glassybaby","150 USD","glassybaby"
"788txey21","in stock","new",,,"http://www.glassybaby.com/wine-tote","Page not found","undefined USD",
"cjg34ed66","in stock","new",,,"http://www.glassybaby.com/american-made","Invalid URL","undefined USD",
"oarw3eipl","in stock","new",,,"http://www.glassybaby.com/amore","Invalid URL","undefined USD",
"7ll0mi41u","in stock","new",,,"http://www.glassybaby.com/angel","Invalid URL","undefined USD",
"7brv7e0tq","in stock","new",,,"http://www.glassybaby.com/aqua-verde","Invalid URL","undefined USD",
"xlsosezt2","in stock","new",,,"http://www.glassybaby.com/bark","Invalid URL","undefined USD",
"bq8ii0sua","in stock","new",,,"http://www.glassybaby.com/ankle-deep","Invalid URL","undefined USD",
"un7k3s8ym","in stock","new",,,"http://www.glassybaby.com/product/4447","Invalid URL","undefined USD",
"fytu7h1n9","in stock","new",,,"http://www.glassybaby.com/afternoon-delight","Invalid URL","undefined USD",
"e5r9eqj6t","in stock","new",,,"http://www.glassybaby.com/bambi","Invalid URL","undefined USD",
"k9m4y6rir","in stock","new",,,"http://www.glassybaby.com/aquamarine","Invalid URL","undefined USD",
"umqqzx7ru","in stock","new",,,"http://www.glassybaby.com/azalea","Invalid URL","undefined USD",
"lmjrsb8n2","in stock","new",,,"http://www.glassybaby.com/bedford-brown","Invalid URL","undefined USD",
"hkxylatqc","in stock","new",,,"http://www.glassybaby.com/baby","Invalid URL","undefined USD",
"wq92wbdwq","in stock","new",,,"http://www.glassybaby.com/beach","Invalid URL","undefined USD",
"fjyh1sucs","in stock","new",,,"http://www.glassybaby.com/begin-again","Invalid URL","undefined USD",
"coxba9lpv","in stock","new",,,"http://www.glassybaby.com/beluga","Invalid URL","undefined USD",
"mr858r5h2","in stock","new",,,"http://www.glassybaby.com/happily-ever-after","Invalid URL","undefined USD",
"cbw98f5ci","in stock","new",,,"http://www.glassybaby.com/believe","Invalid URL","undefined USD",
"83h9fahzf","in stock","new",,,"http://www.glassybaby.com/belle","Invalid URL","undefined USD",
"r45h8hx1j","in stock","new",,,"http://www.glassybaby.com/bff","Invalid URL","undefined USD",
"q7aqpfsld","in stock","new",,,"http://www.glassybaby.com/blue-eyes","Invalid URL","undefined USD",
"m0jg1cu7i","in stock","new",,,"http://www.glassybaby.com/caspar","Invalid URL","undefined USD",
"kyk8dnryz","in stock","new",,,"http://www.glassybaby.com/butterscotch","Invalid URL","undefined USD",
"nvx6lum94","in stock","new",,,"http://www.glassybaby.com/cashmere","Invalid URL","undefined USD",
"i0e8k6hrj","in stock","new",,,"http://www.glassybaby.com/canary","Invalid URL","undefined USD",
"i9t58zj9s","in stock","new",,,"http://www.glassybaby.com/celadon","Invalid URL","undefined USD",
"qnpy01jxs","in stock","new",,,"http://www.glassybaby.com/cherish","Invalid URL","undefined USD",
"kx9quqpsw","in stock","new",,,"http://www.glassybaby.com/chatham","Invalid URL","undefined USD",
"hw8toxszq","in stock","new",,,"http://www.glassybaby.com/celebrate","Invalid URL","undefined USD",
"o7cm9715x","in stock","new",,,"http://www.glassybaby.com/chesapeake","Invalid URL","undefined USD",
"46b521bq5","in stock","new",,,"http://www.glassybaby.com/brave","Invalid URL","undefined USD",
"wjyvnzbwl","in stock","new",,,"http://www.glassybaby.com/comfort","Invalid URL","undefined USD",
"6k1vsrbxz","in stock","new",,,"http://www.glassybaby.com/chocolate-covered-cherry","Invalid URL","undefined USD",
"12c5ieisg","in stock","new",,,"http://www.glassybaby.com/chocolate","Invalid URL","undefined USD",
"2mpd00hm7","in stock","new",,,"http://www.glassybaby.com/cloud","Invalid URL","undefined USD",
"jxslfp7nq","in stock","new",,,"http://www.glassybaby.com/coal_4","Invalid URL","undefined USD",
"y3ryj2bnn","in stock","new",,,"http://www.glassybaby.com/clover","Invalid URL","undefined USD",
"8pm8w8zan","in stock","new",,,"http://www.glassybaby.com/dad","Invalid URL","undefined USD",
"ztf0vlkj2","in stock","new",,,"http://www.glassybaby.com/cream","Invalid URL","undefined USD",
"7feubn10u","in stock","new",,,"http://www.glassybaby.com/daffodil","Invalid URL","undefined USD",
"vq5vhr69d","in stock","new",,,"http://www.glassybaby.com/creme-brulee","Invalid URL","undefined USD",
"aylo2lw3v","in stock","new",,,"http://www.glassybaby.com/crayola","Invalid URL","undefined USD",
"m07akplut","in stock","new",,,"http://www.glassybaby.com/cozy","Invalid URL","undefined USD",
"npidf43h7","in stock","new",,,"http://www.glassybaby.com/courage","Invalid URL","undefined USD",
"had4dukbo","in stock","new",,,"http://www.glassybaby.com/dance-party","Invalid URL","undefined USD",
"0j34h2919","in stock","new",,,"http://www.glassybaby.com/crush","Invalid URL","undefined USD",
"23l2ficji","in stock","new",,,"http://www.glassybaby.com/compassion","Invalid URL","undefined USD",
"hxu2a5e4b","in stock","new",,,"http://www.glassybaby.com/cabo","Invalid URL","undefined USD",